FirstName,LastName,MobilePhone,email
Adam,Bergnaum,990-717-6872,Adam95@example.com
Julia,Krajcik,253-390-6538,Julia_Krajcik92@example.com
Aimee,Runolfsdottir,064-313-1136,Aimee73@example.com
Ericka,McCullough,297-886-4531,Ericka15@example.com
Wilmer,Powlowski,361-341-6124,Wilmer.Powlowski92@example.com
Jon,Schmitt,950-261-0525,Jon_Schmitt93@example.com
Linnea,Armstrong,324-850-2826,Linnea_Armstrong51@example.com
Joseph,Abshire,099-857-2723,Joseph_Abshire3@example.com
Ethel,Koelpin,987-983-7242,Ethel_Koelpin19@example.com
Olen,Schoen,289-534-9409,Olen_Schoen44@example.com
Rosalind,Crooks,135-090-3622,Rosalind_Crooks@example.com
Ora,Koelpin,173-949-6567,Ora.Koelpin38@example.com
Eliezer,Boehm,299-788-1079,Eliezer_Boehm75@example.com
Emanuel,Kuhn,171-259-6258,Emanuel.Kuhn@example.com
Felicita,Runte,381-031-8891,Felicita_Runte@example.com
Orpha,Rath,217-144-7933,Orpha.Rath@example.com
Brandy,Sawayn,254-452-9551,Brandy.Sawayn@example.com
Waylon,Farrell,818-465-0679,Waylon.Farrell@example.com
Osbaldo,Sipes,097-128-0601,Osbaldo.Sipes@example.com
Justice,Mante,264-258-1148,Justice22@example.com
Lucinda,Lowe,004-023-3342,Lucinda71@example.com
Cedrick,Borer,505-267-0690,Cedrick_Borer@example.com
Willa,Toy,256-426-7718,Willa55@example.com
Florian,Schneider,853-960-9497,Florian91@example.com
Daren,Fisher,391-718-5702,Daren53@example.com
Terrill,Reichel,844-239-9431,Terrill_Reichel@example.com
Alyson,Hilll,958-276-8044,Alyson87@example.com
Bret,Gislason,557-163-0720,Bret.Gislason67@example.com
Annabel,Treutel,658-273-3564,Annabel.Treutel98@example.com
Melisa,Bashirian,900-795-9155,Melisa32@example.com
Rogers,Spinka,015-989-4913,Rogers_Spinka@example.com
Elta,Douglas,590-513-9252,Elta_Douglas@example.com
Maynard,Weber,336-511-0520,Maynard_Weber27@example.com
Jermain,Luettgen,618-694-1459,Jermain_Luettgen82@example.com
Monique,Smith,239-956-3794,Monique_Smith@example.com
Arvilla,Hayes,396-389-3180,Arvilla_Hayes@example.com
Lola,Waelchi,842-322-6113,Lola.Waelchi@example.com
Wilson,Armstrong,344-434-2033,Wilson.Armstrong81@example.com
Hilario,Mayer,886-653-1173,Hilario.Mayer22@example.com
Tony,O'Reilly,136-963-4121,Tony_OReilly49@example.com
Fanny,Harvey,144-965-8613,Fanny.Harvey@example.com
Karley,Berge,825-755-9940,Karley_Berge@example.com
Tanner,Barton,666-856-5539,Tanner57@example.com
Emilio,Nikolaus,413-740-8117,Emilio.Nikolaus91@example.com
Howard,Zemlak,433-848-9936,Howard84@example.com
Ines,Trantow,584-925-9623,Ines22@example.com
Mittie,Maggio,627-930-1201,Mittie29@example.com
Stanton,Beahan,518-191-5479,Stanton.Beahan82@example.com
Lelah,D'Amore,256-876-7825,Lelah30@example.com
Enoch,Wolf,397-747-9580,Enoch.Wolf1@example.com
Jimmie,Botsford,469-305-1008,Jimmie.Botsford14@example.com
Domenico,Walter,256-844-2794,Domenico96@example.com
Darrel,Roob,990-601-3157,Darrel70@example.com
Myrtis,Lynch,230-050-3835,Myrtis.Lynch69@example.com
Lesley,Roob,000-724-6281,Lesley5@example.com
Niko,Schiller,305-747-1446,Niko79@example.com
Liliane,Krajcik,169-620-0685,Liliane_Krajcik@example.com
Sonia,Kris,740-257-2758,Sonia_Kris89@example.com
Otha,Cole,866-518-9261,Otha.Cole38@example.com
Marilou,Schulist,916-110-5914,Marilou_Schulist73@example.com
Felicity,Funk,631-473-7488,Felicity14@example.com
Keven,Funk,585-594-0100,Keven62@example.com
Bria,Klein,051-644-8268,Bria_Klein86@example.com
Anjali,Leannon,353-880-7506,Anjali45@example.com
Micheal,Roob,083-698-6329,Micheal.Roob23@example.com
Alessandro,Batz,406-362-3715,Alessandro.Batz16@example.com
Mikayla,Watsica,484-910-6799,Mikayla_Watsica48@example.com
Cielo,Rogahn,535-847-2359,Cielo.Rogahn@example.com
Sherwood,Mitchell,719-923-8098,Sherwood_Mitchell3@example.com
Tess,Skiles,439-514-3112,Tess94@example.com
Ocie,Breitenberg,731-852-6086,Ocie.Breitenberg@example.com
Minerva,Kilback,759-277-0317,Minerva40@example.com
Zack,Marvin,460-837-0496,Zack_Marvin@example.com
Rylan,Hirthe,981-209-2305,Rylan.Hirthe@example.com
Tod,Graham,327-243-4626,Tod.Graham@example.com
Sadie,Crooks,399-176-1856,Sadie_Crooks71@example.com
Art,Ledner,909-875-7085,Art_Ledner@example.com
Reba,Donnelly,307-650-7737,Reba67@example.com
Thalia,Kuphal,046-059-7203,Thalia.Kuphal@example.com
Evalyn,Braun,975-064-8799,Evalyn.Braun@example.com
Abelardo,Collins,540-266-9804,Abelardo.Collins38@example.com
Oral,Sipes,357-133-6022,Oral2@example.com
Abbie,Cassin,154-145-2606,Abbie8@example.com
Joyce,Dickinson,762-863-9721,Joyce.Dickinson12@example.com
Hoyt,Walsh,451-623-4673,Hoyt60@example.com
Ryley,Ferry,909-395-1973,Ryley_Ferry84@example.com
Tommie,Haley,611-295-8033,Tommie74@example.com
Tremayne,Friesen,797-044-6025,Tremayne93@example.com
Brandy,Reilly,464-798-6163,Brandy.Reilly56@example.com
Keyon,Howe,078-490-6807,Keyon.Howe@example.com
Lurline,Kertzmann,667-125-5876,Lurline80@example.com
Laurence,Torp,624-514-5926,Laurence.Torp@example.com
Sean,Batz,217-292-3422,Sean.Batz1@example.com
Sadie,Kunze,418-775-1858,Sadie.Kunze@example.com
Marisa,Spencer,991-854-9292,Marisa83@example.com
Giovani,Lesch,119-286-1093,Giovani49@example.com
Terrance,Christiansen,871-292-4463,Terrance71@example.com
Jarod,Flatley,965-745-6243,Jarod_Flatley@example.com
Abelardo,Doyle,456-143-7346,Abelardo_Doyle64@example.com
Herminio,Kulas,858-927-0338,Herminio.Kulas@example.com
Randi,Rohan,234-191-9144,Randi.Rohan22@example.com
Neal,Stamm,517-446-4491,Neal.Stamm@example.com
Kavon,Koch,458-699-0221,Kavon55@example.com
Dorcas,Becker,169-155-3492,Dorcas95@example.com
Lenora,Waelchi,341-059-1094,Lenora_Waelchi31@example.com
Ivah,Watsica,918-523-3379,Ivah_Watsica84@example.com
Alexandria,Johns,241-425-2164,Alexandria_Johns@example.com
Stephen,Marks,577-141-7948,Stephen11@example.com
Zachery,Zemlak,304-751-4843,Zachery48@example.com
Ursula,Thompson,903-489-3295,Ursula.Thompson59@example.com
Trace,Bechtelar,686-493-2835,Trace_Bechtelar56@example.com
Monserrat,Osinski,273-225-0270,Monserrat.Osinski44@example.com
Tessie,Purdy,365-898-1138,Tessie_Purdy@example.com
Noemy,Yost,489-178-8339,Noemy.Yost29@example.com
Clarabelle,Batz,150-719-4516,Clarabelle.Batz@example.com
Ollie,Heathcote,503-408-2021,Ollie32@example.com
Ola,Yundt,366-955-4662,Ola_Yundt44@example.com
Trace,King,427-665-3530,Trace55@example.com
Damon,Corwin,454-164-7158,Damon_Corwin25@example.com
Rosalyn,Hickle,204-255-9984,Rosalyn73@example.com
Emmie,Hilll,692-414-8842,Emmie62@example.com
Gerhard,Cummings,010-550-4338,Gerhard84@example.com
Antonio,Larson,739-406-9034,Antonio_Larson@example.com
Kailey,Okuneva,704-877-9239,Kailey90@example.com
Urban,Mohr,388-099-3379,Urban_Mohr@example.com
Amber,Greenfelder,962-752-3310,Amber.Greenfelder81@example.com
Aliya,Hayes,847-684-5869,Aliya37@example.com
Dianna,Wunsch,157-013-4184,Dianna.Wunsch@example.com
Tre,Rice,237-099-5036,Tre.Rice97@example.com
Mikayla,Shanahan,945-309-5028,Mikayla_Shanahan64@example.com
Letha,Jacobs,208-302-6312,Letha.Jacobs@example.com
Delphia,DuBuque,687-487-1644,Delphia_DuBuque84@example.com
Ciara,Balistreri,004-919-3220,Ciara_Balistreri@example.com
Tiffany,Jaskolski,956-544-9213,Tiffany_Jaskolski1@example.com
Annie,Tremblay,457-558-2403,Annie.Tremblay32@example.com
Waylon,Boehm,756-490-1021,Waylon.Boehm@example.com
Stanford,Wiza,530-523-6898,Stanford_Wiza@example.com
Daniella,Koss,004-638-2199,Daniella.Koss@example.com
Mylene,Schneider,161-342-6364,Mylene_Schneider@example.com
Rusty,Gaylord,277-271-9040,Rusty_Gaylord91@example.com
Kirsten,Parker,998-403-1988,Kirsten.Parker@example.com
Gage,Reichel,715-156-3953,Gage.Reichel@example.com
Rory,Gibson,533-413-6664,Rory.Gibson@example.com
Francisca,Upton,152-084-0207,Francisca.Upton@example.com
Furman,Bednar,469-734-9201,Furman_Bednar33@example.com
Marcelina,Shanahan,871-043-8803,Marcelina_Shanahan78@example.com
Marguerite,Torphy,151-343-9678,Marguerite.Torphy@example.com
Shaylee,Brown,088-358-3303,Shaylee19@example.com
Kenyatta,Hettinger,318-791-3687,Kenyatta42@example.com
Lois,Morissette,374-102-6237,Lois13@example.com
Rudolph,Morissette,485-572-6394,Rudolph19@example.com
Deion,Green,360-866-6743,Deion33@example.com
Joanny,Runolfsdottir,235-992-4837,Joanny_Runolfsdottir47@example.com
Stephen,Bradtke,209-892-4392,Stephen_Bradtke89@example.com
Newton,Hane,742-800-3413,Newton3@example.com
Joshua,Abernathy,764-265-2148,Joshua.Abernathy18@example.com
Kian,Wilkinson,913-697-3148,Kian_Wilkinson67@example.com
Clovis,Brekke,461-415-5652,Clovis_Brekke@example.com
Jarvis,Lind,148-099-4086,Jarvis_Lind80@example.com
Mona,Cruickshank,326-401-2293,Mona73@example.com
Linda,Boyle,186-545-2592,Linda.Boyle@example.com
Sienna,Prosacco,782-471-8808,Sienna.Prosacco18@example.com
Margot,Kutch,354-008-7612,Margot58@example.com
Albin,Kunze,852-814-7670,Albin.Kunze93@example.com
Daniella,Murray,476-217-2547,Daniella_Murray@example.com
Russell,Legros,992-637-0082,Russell.Legros82@example.com
Cleve,Grant,123-497-1219,Cleve.Grant19@example.com
Hardy,Hirthe,419-454-8599,Hardy_Hirthe7@example.com
Elvera,Stark,626-279-0766,Elvera_Stark@example.com
Marcia,Bashirian,500-649-1076,Marcia.Bashirian29@example.com
Ignatius,Hirthe,894-237-8762,Ignatius_Hirthe@example.com
Clara,Krajcik,629-556-0163,Clara93@example.com
Alexandro,Langosh,912-701-1902,Alexandro_Langosh@example.com
Presley,Spinka,885-274-5950,Presley.Spinka@example.com
Shany,Gulgowski,151-999-2703,Shany.Gulgowski51@example.com
Jacques,Cormier,483-010-3763,Jacques11@example.com
Bruce,Stroman,969-480-4697,Bruce.Stroman24@example.com
Mckayla,Bogan,941-706-0232,Mckayla.Bogan@example.com
Joany,Schaden,922-413-9287,Joany40@example.com
Calista,Leffler,548-780-0349,Calista.Leffler@example.com
Anastasia,Reilly,953-961-4138,Anastasia49@example.com
Ray,Kassulke,111-779-1206,Ray52@example.com
Alf,Raynor,589-753-2093,Alf_Raynor13@example.com
Mckayla,Lubowitz,860-527-7292,Mckayla_Lubowitz5@example.com
Reagan,Tromp,401-230-2981,Reagan_Tromp98@example.com
Emmy,Cartwright,666-571-2578,Emmy55@example.com
Heloise,Simonis,284-163-1569,Heloise64@example.com
Lonie,Aufderhar,794-953-9257,Lonie.Aufderhar16@example.com
Karolann,Wiza,394-125-5222,Karolann.Wiza15@example.com
Jamison,Lubowitz,001-429-8206,Jamison.Lubowitz53@example.com
Sterling,Gulgowski,205-245-4419,Sterling.Gulgowski9@example.com
Marcellus,Flatley,386-849-7049,Marcellus.Flatley25@example.com
Bernita,Mitchell,552-531-5654,Bernita_Mitchell99@example.com
Juliana,Graham,222-876-5271,Juliana.Graham73@example.com
Angus,Walter,890-778-6551,Angus_Walter@example.com
Joel,Torphy,595-029-5089,Joel29@example.com
Winfield,Quitzon,014-743-9881,Winfield.Quitzon19@example.com
Payton,Schmitt,843-253-5009,Payton.Schmitt@example.com
Geraldine,Parisian,170-396-7095,Geraldine.Parisian@example.com
Ashlynn,Rice,617-125-4054,Ashlynn.Rice75@example.com
Hilbert,Bode,930-299-9244,Hilbert.Bode@example.com
Jonathan,Konopelski,322-500-7769,Jonathan.Konopelski39@example.com
Earl,Wiza,714-474-0954,Earl.Wiza98@example.com
Ford,Schowalter,087-645-1766,Ford74@example.com
Casandra,Cole,424-521-2864,Casandra_Cole@example.com
Marcelina,Farrell,653-761-1690,Marcelina.Farrell4@example.com
Jaylen,Kulas,796-479-5044,Jaylen.Kulas@example.com
Einar,Hartmann,667-373-6961,Einar.Hartmann1@example.com
Nia,Armstrong,149-850-4353,Nia_Armstrong98@example.com
Sim,Zemlak,486-565-1827,Sim45@example.com
Kaycee,Ratke,152-167-9507,Kaycee_Ratke81@example.com
Margot,Cruickshank,108-044-1551,Margot_Cruickshank@example.com
Charley,Steuber,039-369-9640,Charley85@example.com
Lenna,Doyle,265-608-9352,Lenna17@example.com
Charlene,Kshlerin,775-414-1451,Charlene_Kshlerin@example.com
Katheryn,Wilkinson,377-132-1343,Katheryn26@example.com
Humberto,Hane,073-894-8928,Humberto.Hane97@example.com
Gladyce,Renner,341-867-1477,Gladyce_Renner96@example.com
Avis,Bayer,726-441-9911,Avis_Bayer6@example.com
Sherman,Dach,353-106-9165,Sherman44@example.com
Arnaldo,Jast,422-335-0332,Arnaldo56@example.com
Jose,Kuhic,705-135-8804,Jose59@example.com
Jeanette,Green,623-925-0884,Jeanette65@example.com
Jerome,Moen,978-445-4568,Jerome.Moen97@example.com
Jaqueline,Daugherty,316-908-7233,Jaqueline.Daugherty@example.com
Luigi,Kohler,216-244-4895,Luigi_Kohler80@example.com
Demetris,Pollich,349-418-8154,Demetris_Pollich95@example.com
Virginie,Lakin,976-204-3807,Virginie.Lakin34@example.com
Mabelle,Wehner,081-397-7665,Mabelle57@example.com
Destinee,Kreiger,432-357-0488,Destinee8@example.com
Winifred,Schamberger,098-608-9325,Winifred59@example.com
Johnathan,Huel,203-755-3030,Johnathan_Huel94@example.com
Jacey,Streich,801-411-4905,Jacey53@example.com
Brant,Schaden,937-601-8193,Brant_Schaden@example.com
Rosie,Davis,639-832-2113,Rosie.Davis@example.com
Clementine,Bergnaum,133-474-6618,Clementine.Bergnaum81@example.com
Noemy,Kulas,855-319-6948,Noemy34@example.com
Roderick,Dicki,134-081-3255,Roderick_Dicki13@example.com
Nichole,Turner,667-072-2234,Nichole_Turner@example.com
Valentin,Anderson,489-906-2533,Valentin.Anderson88@example.com
Brenda,Will,003-418-2646,Brenda.Will@example.com
Maurice,Erdman,156-175-5652,Maurice_Erdman@example.com
Mozell,Gleason,376-696-0935,Mozell28@example.com
Elouise,Metz,046-169-6155,Elouise_Metz@example.com
Emma,Simonis,193-578-4911,Emma12@example.com
Magdalena,Kirlin,016-881-7172,Magdalena_Kirlin90@example.com
Porter,Kuphal,394-117-8789,Porter_Kuphal@example.com
Cecelia,Kunde,946-273-3856,Cecelia.Kunde@example.com
Alexandre,Daugherty,202-701-5939,Alexandre_Daugherty@example.com
Jonas,Rippin,135-092-5679,Jonas.Rippin23@example.com
Myrtle,Bosco,837-942-4544,Myrtle1@example.com
Mertie,Dietrich,645-274-9521,Mertie54@example.com
Shane,Zulauf,716-621-2165,Shane.Zulauf@example.com
Marques,Kuhlman,245-520-8770,Marques.Kuhlman32@example.com
Madie,Kutch,855-793-3183,Madie.Kutch61@example.com
Orlo,Pfannerstill,133-629-7782,Orlo_Pfannerstill63@example.com
Dedrick,Stracke,511-138-4453,Dedrick_Stracke69@example.com
Leanna,Kessler,486-760-7464,Leanna91@example.com
Deja,Jones,121-243-6238,Deja.Jones@example.com
Perry,Kemmer,726-085-9102,Perry30@example.com
Rene,Becker,673-795-3581,Rene45@example.com
Carolyne,Schinner,538-656-1296,Carolyne.Schinner@example.com
Jodie,Cummerata,895-245-0792,Jodie.Cummerata25@example.com
Tomas,Dietrich,763-876-0207,Tomas57@example.com
Laurine,Kassulke,075-425-3147,Laurine72@example.com
Solon,Lakin,863-409-9709,Solon_Lakin95@example.com
Salvador,Koelpin,902-713-1244,Salvador.Koelpin@example.com
Nicole,Hessel,331-177-1974,Nicole34@example.com
Stan,Wilderman,668-594-5812,Stan42@example.com
Judd,Waters,946-385-5625,Judd.Waters4@example.com
Candida,Cummings,611-524-2881,Candida23@example.com
Coleman,Leffler,359-186-4159,Coleman50@example.com
Fanny,Pollich,776-382-2404,Fanny.Pollich66@example.com
Annalise,Carroll,891-815-9328,Annalise20@example.com
Rory,Cruickshank,571-887-3869,Rory28@example.com
Ulices,Goyette,554-037-4260,Ulices80@example.com
Ceasar,Terry,050-743-4840,Ceasar.Terry@example.com
Damion,Thompson,882-358-1979,Damion42@example.com
Rashad,Heller,426-411-5100,Rashad33@example.com
Coby,Blick,440-979-5103,Coby45@example.com
Seth,Dickinson,919-766-2951,Seth.Dickinson90@example.com
Rickey,Baumbach,334-116-1165,Rickey_Baumbach27@example.com
Leopold,Bogisich,330-634-3533,Leopold_Bogisich@example.com
Juston,Kuhn,988-304-1900,Juston.Kuhn57@example.com
Myrna,Marks,853-943-0978,Myrna_Marks@example.com
Crystal,Lockman,026-702-3828,Crystal_Lockman@example.com
Conor,Herman,561-475-9103,Conor_Herman@example.com
Vivianne,Rath,161-954-1081,Vivianne63@example.com
Kaia,Wiza,443-815-6058,Kaia64@example.com
Caleigh,Carter,760-119-7475,Caleigh_Carter42@example.com
Eduardo,Considine,800-561-7020,Eduardo.Considine@example.com
Aniya,Lowe,790-053-7860,Aniya88@example.com
Christiana,Bode,251-119-0354,Christiana.Bode96@example.com
Colton,Towne,143-379-0810,Colton.Towne20@example.com
Ova,Volkman,750-517-1510,Ova96@example.com
Vallie,Lubowitz,764-695-1225,Vallie_Lubowitz@example.com
Melany,Dach,800-700-9481,Melany85@example.com
Jannie,Kemmer,561-841-4599,Jannie.Kemmer81@example.com
Delia,Wolf,064-311-8755,Delia48@example.com
Emanuel,Blick,999-476-9831,Emanuel.Blick26@example.com
Nathanial,Schuppe,010-371-4587,Nathanial_Schuppe@example.com
Lucile,Schaefer,842-501-2084,Lucile.Schaefer9@example.com
Lilian,Hintz,361-271-9646,Lilian_Hintz0@example.com
Ralph,Maggio,766-076-8011,Ralph56@example.com
Destiny,Lang,096-836-6854,Destiny_Lang@example.com
Rhett,Mohr,659-575-9660,Rhett.Mohr68@example.com
Adell,McClure,900-581-7421,Adell_McClure28@example.com
Hudson,Rolfson,061-123-5361,Hudson.Rolfson14@example.com
Narciso,Greenholt,894-671-6432,Narciso49@example.com
Lempi,Koepp,009-345-7244,Lempi_Koepp0@example.com
Marilyne,Leannon,584-707-5668,Marilyne.Leannon@example.com
Benedict,Hoppe,145-183-6941,Benedict_Hoppe32@example.com
Louvenia,Lesch,471-756-8291,Louvenia82@example.com
Pierce,Welch,789-369-4614,Pierce.Welch@example.com
Gerry,Cartwright,127-802-6346,Gerry.Cartwright@example.com
Colleen,Hessel,144-175-5197,Colleen.Hessel92@example.com
Lora,Bergstrom,801-707-7044,Lora.Bergstrom24@example.com
Eldora,Trantow,597-408-3008,Eldora89@example.com
Ivory,Schmeler,770-897-8663,Ivory.Schmeler@example.com
Cordie,Stiedemann,857-966-1853,Cordie_Stiedemann@example.com
Brice,Sanford,976-625-7916,Brice.Sanford33@example.com
Frieda,Mosciski,149-036-1416,Frieda78@example.com
Derek,Kuhlman,441-586-8736,Derek86@example.com
Nasir,Strosin,365-692-2634,Nasir.Strosin@example.com
Constance,Eichmann,284-626-6990,Constance35@example.com
Skyla,Bogisich,278-538-7695,Skyla95@example.com
Marielle,Marks,912-721-5667,Marielle_Marks38@example.com
Dawn,Kutch,587-559-2352,Dawn.Kutch98@example.com
Brandi,Goldner,941-049-0173,Brandi.Goldner@example.com
Desiree,Monahan,761-920-6959,Desiree14@example.com
Dannie,Bins,297-130-9440,Dannie56@example.com
Amanda,Cassin,535-685-2542,Amanda_Cassin@example.com
Abby,Sawayn,915-312-2573,Abby_Sawayn9@example.com
Ellsworth,Stracke,097-797-6745,Ellsworth46@example.com
Nyah,Mitchell,927-266-1195,Nyah4@example.com
Erin,Block,447-776-5900,Erin33@example.com
Cruz,Altenwerth,883-867-6734,Cruz39@example.com
Tyree,Bartoletti,294-757-6868,Tyree_Bartoletti@example.com
Brigitte,Moore,843-064-8781,Brigitte_Moore@example.com
Bailee,Waelchi,698-354-6150,Bailee_Waelchi23@example.com
Vance,Howe,755-168-7926,Vance11@example.com
Freida,Huel,465-919-0903,Freida.Huel66@example.com
Carter,Schinner,827-458-9701,Carter_Schinner@example.com
Eleanora,Hackett,123-139-0845,Eleanora72@example.com
Thea,Kilback,508-946-0341,Thea_Kilback56@example.com
Aaliyah,Lynch,688-501-6949,Aaliyah_Lynch89@example.com
Isaias,Trantow,470-617-3803,Isaias28@example.com
Brice,Smith,090-151-5307,Brice89@example.com
Madisen,Cronin,272-077-1003,Madisen_Cronin31@example.com
Eliane,Eichmann,810-896-4144,Eliane_Eichmann@example.com
Jerod,Dickens,663-143-3800,Jerod_Dickens44@example.com
Kadin,Rippin,974-183-5752,Kadin.Rippin@example.com
Jewel,Rolfson,787-594-2519,Jewel_Rolfson@example.com
Walter,Jerde,208-801-3313,Walter.Jerde@example.com
Erich,Flatley,562-059-3789,Erich.Flatley39@example.com
Francesco,Durgan,935-660-7863,Francesco.Durgan2@example.com
Roman,Hammes,714-172-7144,Roman.Hammes@example.com
Cletus,Nitzsche,553-785-3855,Cletus_Nitzsche@example.com
Fabian,Kertzmann,273-528-2057,Fabian26@example.com
Emily,Pacocha,778-109-1928,Emily_Pacocha48@example.com
Reina,Nikolaus,647-093-3933,Reina.Nikolaus@example.com
Daniela,Donnelly,647-660-5871,Daniela_Donnelly@example.com
Christina,Leuschke,816-243-2750,Christina_Leuschke73@example.com
Ella,Hilll,800-354-4708,Ella_Hilll@example.com
Shana,Bergnaum,900-281-7669,Shana_Bergnaum@example.com
Delores,Bayer,330-706-8899,Delores96@example.com
Makenna,Bernier,079-165-9553,Makenna25@example.com
Vincenzo,Swaniawski,190-503-0117,Vincenzo83@example.com
Grant,Reynolds,502-112-0998,Grant.Reynolds@example.com
Geraldine,Stroman,393-572-1872,Geraldine.Stroman@example.com
Harmony,Maggio,332-686-6617,Harmony.Maggio@example.com
Chloe,Legros,969-372-8916,Chloe.Legros77@example.com
Susana,Ritchie,009-684-8444,Susana_Ritchie@example.com
Zackary,Bashirian,971-357-6600,Zackary51@example.com
Jacynthe,Cruickshank,237-487-2687,Jacynthe.Cruickshank@example.com
Myles,Sanford,833-897-3270,Myles51@example.com
Roselyn,Torp,636-663-2702,Roselyn.Torp@example.com
Roma,Turner,166-758-1274,Roma95@example.com
Vivian,Bechtelar,152-671-6539,Vivian_Bechtelar8@example.com
Maritza,Wiegand,108-520-5650,Maritza99@example.com
Norval,Trantow,697-452-3993,Norval_Trantow91@example.com
Marquise,Walter,394-817-9676,Marquise75@example.com
Stanley,Langworth,265-372-1289,Stanley_Langworth18@example.com
Modesto,Legros,230-026-2573,Modesto_Legros30@example.com
Cristopher,Rosenbaum,459-965-4296,Cristopher.Rosenbaum@example.com
Magnolia,Rippin,445-478-5396,Magnolia21@example.com
Enrico,Morissette,079-784-0664,Enrico.Morissette@example.com
Dudley,Ortiz,461-141-5146,Dudley.Ortiz60@example.com
Bettie,Koch,374-594-0493,Bettie_Koch1@example.com
Ignatius,Wolff,980-649-3532,Ignatius.Wolff5@example.com
Edgardo,Sipes,345-593-9090,Edgardo33@example.com
Horace,Christiansen,819-090-6429,Horace71@example.com
Ellsworth,Eichmann,953-287-9402,Ellsworth.Eichmann41@example.com
Amos,Cassin,069-228-7597,Amos31@example.com
John,Jenkins,122-531-3015,John88@example.com
Josiane,Legros,126-035-5226,Josiane.Legros@example.com
John,Mitchell,784-733-9371,John.Mitchell77@example.com
Donato,Heidenreich,086-288-1757,Donato.Heidenreich80@example.com
Libby,Douglas,838-889-7180,Libby.Douglas@example.com
Albert,Carroll,586-426-4177,Albert.Carroll@example.com
Della,Watsica,095-292-3264,Della.Watsica0@example.com
Geovanny,Thiel,129-713-8167,Geovanny_Thiel@example.com
Rolando,Jerde,268-287-7570,Rolando.Jerde30@example.com
Irma,Kilback,176-704-4604,Irma.Kilback76@example.com
Dwight,Hayes,327-190-9101,Dwight_Hayes@example.com
Simone,Hansen,091-575-5067,Simone_Hansen@example.com
Donald,Abshire,581-014-2847,Donald_Abshire@example.com
Clair,Crona,811-855-2123,Clair.Crona@example.com
Cyrus,Koch,473-344-5172,Cyrus38@example.com
Tomasa,Torp,780-679-6830,Tomasa80@example.com
Rosendo,Stroman,160-787-4335,Rosendo77@example.com
Manuela,Larson,963-868-4836,Manuela56@example.com
Cali,Heathcote,648-195-9804,Cali_Heathcote37@example.com
Jewell,Donnelly,926-201-7373,Jewell.Donnelly10@example.com
Holly,Kemmer,205-380-4952,Holly.Kemmer@example.com
Liliana,McLaughlin,062-305-0714,Liliana39@example.com
Jefferey,Koss,214-576-2307,Jefferey1@example.com
Anthony,Larkin,786-869-8912,Anthony.Larkin64@example.com
Katlyn,Mohr,255-370-8518,Katlyn.Mohr20@example.com
Johan,MacGyver,237-592-5813,Johan61@example.com
Trent,Goyette,155-915-5667,Trent.Goyette@example.com
Conor,Abshire,275-803-0872,Conor80@example.com
Jerrod,Rohan,987-857-1660,Jerrod19@example.com
Dasia,Brakus,717-701-2776,Dasia2@example.com
Carey,Feil,505-744-1560,Carey_Feil61@example.com
Cordia,Connelly,264-334-0065,Cordia_Connelly@example.com
Marie,Medhurst,364-647-7284,Marie.Medhurst11@example.com
Ike,Schneider,762-764-6245,Ike.Schneider@example.com
Abdiel,Schuster,138-550-6701,Abdiel19@example.com
Emie,Bradtke,884-553-6526,Emie_Bradtke96@example.com
Jalen,Wolf,546-714-6606,Jalen.Wolf@example.com
Gracie,Emard,188-171-4803,Gracie.Emard97@example.com
Dovie,Nicolas,550-881-6845,Dovie_Nicolas88@example.com
Greyson,Reynolds,223-759-7551,Greyson_Reynolds@example.com
Dangelo,Cole,289-258-2593,Dangelo38@example.com
Oleta,Lebsack,314-683-2089,Oleta.Lebsack@example.com
Lillie,Witting,647-386-6486,Lillie.Witting@example.com
Asa,Kerluke,259-912-5969,Asa_Kerluke9@example.com
Lempi,Hoppe,259-260-0500,Lempi_Hoppe@example.com
Helena,Runte,420-731-1836,Helena_Runte@example.com
Kennedy,Dibbert,235-315-5399,Kennedy48@example.com
Elnora,Kertzmann,053-128-5820,Elnora75@example.com
Tamara,Padberg,512-402-1581,Tamara68@example.com
Orie,Emmerich,232-785-7588,Orie8@example.com
Sonia,Hermiston,779-278-6458,Sonia14@example.com
Lamont,Bednar,713-240-7871,Lamont70@example.com
Wendy,McClure,339-416-4845,Wendy.McClure42@example.com
Eldred,Emard,985-473-7351,Eldred_Emard49@example.com
Trent,Littel,603-552-3754,Trent_Littel98@example.com
Amelia,Ziemann,862-692-2676,Amelia_Ziemann@example.com
Thomas,Kiehn,311-653-0636,Thomas34@example.com
Danyka,O'Kon,655-828-3461,Danyka.OKon@example.com
Jamie,Nicolas,694-004-6140,Jamie_Nicolas88@example.com
Cletus,Upton,939-850-5255,Cletus_Upton32@example.com
Abbigail,Morissette,165-866-7915,Abbigail_Morissette@example.com
Harry,Zboncak,675-918-1468,Harry_Zboncak70@example.com
Forest,Cormier,883-398-6581,Forest.Cormier@example.com
Rodolfo,Funk,637-600-0572,Rodolfo_Funk@example.com
Raheem,Blick,661-156-7595,Raheem.Blick29@example.com
Cristal,Lang,739-739-6398,Cristal39@example.com
Tracey,Cronin,400-263-6990,Tracey.Cronin48@example.com
Kurt,Lockman,403-731-3438,Kurt35@example.com
Damian,Zieme,392-158-5133,Damian_Zieme74@example.com
Verner,Feil,416-403-6152,Verner.Feil96@example.com
Jaleel,Johnston,130-620-9849,Jaleel97@example.com
Nash,Hahn,678-716-4248,Nash_Hahn@example.com
Hermina,Hoeger,880-732-3370,Hermina_Hoeger70@example.com
Tierra,Okuneva,955-719-4166,Tierra67@example.com
Nettie,Leffler,817-995-5179,Nettie_Leffler61@example.com
Noel,Lind,665-357-9518,Noel22@example.com
Kendall,Weber,935-007-2275,Kendall36@example.com
Marcel,Baumbach,924-831-8142,Marcel.Baumbach35@example.com
Pearl,Padberg,451-433-9032,Pearl.Padberg@example.com
Wilmer,Hudson,807-934-7517,Wilmer_Hudson69@example.com
Dustin,Roberts,736-180-4202,Dustin_Roberts@example.com
Tyler,Feil,159-797-1913,Tyler.Feil@example.com
Lauren,Bernhard,459-861-5782,Lauren.Bernhard@example.com
Luz,Frami,727-079-6677,Luz.Frami@example.com
Franco,Graham,123-654-9489,Franco.Graham@example.com
Aaliyah,Murray,314-569-5350,Aaliyah.Murray@example.com
Lucile,Ward,257-983-3964,Lucile75@example.com
Shyann,Kessler,773-936-2804,Shyann.Kessler27@example.com
Alfred,Hartmann,507-066-9447,Alfred3@example.com
Jerry,Hane,213-011-2670,Jerry_Hane@example.com
Melvin,Leffler,397-338-1636,Melvin_Leffler96@example.com
Damion,Batz,048-066-4607,Damion21@example.com
Aaliyah,Shields,450-855-9081,Aaliyah.Shields78@example.com
Beth,Hammes,124-983-7648,Beth.Hammes38@example.com
Jesse,O'Hara,234-565-5738,Jesse_OHara25@example.com
Corine,Keeling,338-681-8994,Corine40@example.com
Hilton,Stark,140-880-0379,Hilton_Stark@example.com
Kayla,Paucek,469-496-9713,Kayla_Paucek@example.com
Benton,Friesen,997-538-5769,Benton92@example.com
Deshaun,Herzog,071-461-5698,Deshaun.Herzog56@example.com
King,Mayert,217-786-5141,King.Mayert71@example.com
Joyce,Ratke,937-412-7956,Joyce_Ratke75@example.com
Hillary,Block,696-151-5452,Hillary_Block64@example.com
Lon,Mosciski,390-212-7825,Lon.Mosciski58@example.com
Eliseo,Rath,602-175-5537,Eliseo.Rath@example.com
Ana,Lindgren,303-042-1719,Ana78@example.com
Kaela,Spencer,214-495-5804,Kaela_Spencer@example.com
Axel,Turcotte,955-469-9243,Axel0@example.com
Scot,Schulist,317-306-0735,Scot92@example.com
Conor,Durgan,521-404-6360,Conor_Durgan78@example.com
Maximillia,Watsica,480-634-4668,Maximillia.Watsica3@example.com
Cale,Hammes,908-521-4770,Cale_Hammes@example.com
Deon,Kiehn,040-542-3822,Deon_Kiehn@example.com
Tyrell,Rempel,845-062-3722,Tyrell.Rempel@example.com
Merlin,Towne,476-902-3392,Merlin_Towne@example.com
Cloyd,Sawayn,933-593-9465,Cloyd.Sawayn@example.com
Aron,Kuvalis,356-277-0887,Aron67@example.com
Skyla,Nienow,056-011-2291,Skyla_Nienow53@example.com
Autumn,Harber,008-668-6255,Autumn94@example.com
Samir,Wiegand,401-669-4600,Samir36@example.com
Raymond,Dicki,331-794-2857,Raymond_Dicki99@example.com
Rebekah,McCullough,461-195-1163,Rebekah.McCullough7@example.com
Gwendolyn,Gulgowski,266-257-4597,Gwendolyn.Gulgowski@example.com
Fanny,Mertz,928-334-5800,Fanny15@example.com
Keeley,Dare,376-817-0056,Keeley86@example.com
Judge,Sipes,568-530-2860,Judge21@example.com
Garett,Mraz,786-205-4275,Garett69@example.com
Camren,McCullough,984-244-4405,Camren.McCullough@example.com
Destany,Kuhic,293-829-7226,Destany.Kuhic@example.com
Earnest,Sanford,567-267-8711,Earnest.Sanford12@example.com
Damaris,Nitzsche,473-001-3776,Damaris_Nitzsche@example.com
Michale,Dickinson,330-743-8690,Michale48@example.com
Gerda,Brekke,301-168-6510,Gerda63@example.com
Tavares,Reichel,778-282-7661,Tavares27@example.com
Garrison,Gusikowski,057-917-9859,Garrison.Gusikowski@example.com
Marlon,Gleichner,834-317-3005,Marlon.Gleichner@example.com
Lucinda,Howell,856-670-4575,Lucinda56@example.com
Maverick,Sauer,579-623-2480,Maverick74@example.com
Nia,Yundt,873-300-7768,Nia_Yundt@example.com
Beaulah,Crona,123-535-9020,Beaulah_Crona22@example.com
Constance,Cronin,706-302-2622,Constance.Cronin27@example.com
Aniya,Goyette,575-345-2372,Aniya_Goyette@example.com
Cletus,Stroman,099-875-4297,Cletus_Stroman@example.com
Rogers,Ferry,903-631-9609,Rogers83@example.com
Alexanne,Oberbrunner,241-787-6084,Alexanne_Oberbrunner1@example.com
Madyson,Daniel,554-597-3035,Madyson14@example.com
Ara,Thiel,408-627-0814,Ara50@example.com
Bertha,Prohaska,569-171-1344,Bertha.Prohaska@example.com
Randal,Simonis,265-439-4189,Randal_Simonis@example.com
Waldo,Shields,355-131-5757,Waldo93@example.com
Jasmin,Jakubowski,825-577-0640,Jasmin_Jakubowski68@example.com
Jovani,Bednar,784-028-1553,Jovani_Bednar73@example.com
Katrine,Rohan,388-852-3196,Katrine.Rohan@example.com
Osvaldo,Ritchie,766-938-9447,Osvaldo.Ritchie@example.com
Alanis,Reinger,745-780-8123,Alanis_Reinger57@example.com
Fabiola,Collier,890-755-8637,Fabiola_Collier4@example.com
Julien,Mitchell,756-146-2342,Julien.Mitchell@example.com
Herman,Abbott,818-659-2212,Herman.Abbott@example.com
Taya,Lehner,620-916-7464,Taya.Lehner@example.com
Mafalda,Krajcik,652-301-5686,Mafalda.Krajcik58@example.com
Barbara,Bailey,092-077-4869,Barbara_Bailey@example.com
Hiram,Kovacek,077-751-1177,Hiram88@example.com
Price,Balistreri,629-170-5366,Price_Balistreri18@example.com
Dillan,Von,208-283-0826,Dillan_Von@example.com
Scottie,Schroeder,886-480-6395,Scottie.Schroeder@example.com
Celestino,Becker,044-577-4850,Celestino.Becker13@example.com
Maynard,Kassulke,723-437-8057,Maynard5@example.com
Madelynn,Bode,163-892-7782,Madelynn41@example.com
Tyrese,Jacobi,242-919-6360,Tyrese21@example.com
Kiana,Gaylord,025-087-4004,Kiana52@example.com
Alexanne,Jaskolski,452-057-1959,Alexanne.Jaskolski@example.com
Garrick,Hartmann,825-655-8089,Garrick_Hartmann@example.com
Winona,Kertzmann,079-163-0376,Winona.Kertzmann38@example.com
Kyleigh,Hilpert,665-186-9244,Kyleigh1@example.com
Frank,Davis,649-261-6285,Frank38@example.com
Dennis,Stehr,570-037-6115,Dennis_Stehr60@example.com
Dino,Miller,212-730-2538,Dino.Miller@example.com
Chelsea,Haag,851-461-6490,Chelsea.Haag91@example.com
Tyreek,Koepp,142-683-9307,Tyreek77@example.com
Maymie,Cole,684-393-7606,Maymie.Cole@example.com
Everardo,Herman,420-624-3666,Everardo_Herman52@example.com
Godfrey,Feest,623-799-0311,Godfrey_Feest@example.com
Doug,Daugherty,133-175-6335,Doug_Daugherty@example.com
Vidal,Schumm,426-473-6686,Vidal_Schumm@example.com
Hank,Fritsch,829-775-2890,Hank_Fritsch@example.com
Santina,Nitzsche,562-283-9369,Santina.Nitzsche@example.com
Ozella,Kunze,790-379-5270,Ozella.Kunze88@example.com
Noemy,Hilll,667-766-5457,Noemy.Hilll@example.com
Maribel,Rath,958-545-6250,Maribel_Rath28@example.com
Nicholas,Von,822-708-8558,Nicholas.Von91@example.com
Jamal,Feil,611-527-3468,Jamal22@example.com
Dena,Sauer,952-804-8500,Dena_Sauer19@example.com
Maurice,Boyle,415-279-8201,Maurice_Boyle55@example.com
Camden,Kub,261-040-0764,Camden11@example.com
Tyra,Kuhn,428-753-8840,Tyra45@example.com
Halie,Hahn,295-223-8101,Halie_Hahn23@example.com
Dimitri,Spencer,002-321-0282,Dimitri23@example.com
Zoila,Friesen,441-668-5872,Zoila_Friesen@example.com
Eleanore,Thompson,958-495-7976,Eleanore13@example.com
Leland,Schuppe,979-882-6212,Leland.Schuppe80@example.com
Zoila,Ziemann,677-214-3838,Zoila.Ziemann55@example.com
Elmore,Beatty,941-131-2304,Elmore.Beatty@example.com
Gladys,Moore,085-218-8151,Gladys.Moore@example.com
Hershel,Harber,043-220-8016,Hershel_Harber33@example.com
Isac,Torphy,857-492-3679,Isac.Torphy@example.com
Yvonne,Abernathy,351-443-7849,Yvonne_Abernathy77@example.com
Crystal,Hartmann,653-012-7448,Crystal_Hartmann@example.com
Ana,Rolfson,777-088-4407,Ana39@example.com
Precious,Johns,963-763-5143,Precious75@example.com
Keith,Beier,985-536-0033,Keith.Beier63@example.com
Marques,Pollich,039-035-0924,Marques62@example.com
Bert,Von,054-954-7758,Bert47@example.com
Elmer,Kassulke,692-102-4653,Elmer_Kassulke20@example.com
Marquis,Rice,921-944-4791,Marquis17@example.com
Marquise,Prohaska,514-535-7522,Marquise52@example.com
Jaron,Kilback,422-514-5608,Jaron70@example.com
Cecil,Reynolds,975-176-8287,Cecil.Reynolds42@example.com
Nannie,Heller,738-499-3012,Nannie_Heller91@example.com
Elvera,Botsford,081-507-7268,Elvera81@example.com
Florence,Padberg,084-044-5760,Florence.Padberg@example.com
Alivia,Kulas,534-660-0371,Alivia_Kulas60@example.com
Jeramie,Schultz,390-139-5540,Jeramie20@example.com
Willa,Spinka,180-125-1343,Willa.Spinka69@example.com
Hilton,Mertz,355-469-8528,Hilton.Mertz65@example.com
Kayden,Steuber,165-037-2882,Kayden.Steuber@example.com
Benton,Schneider,634-956-5867,Benton12@example.com
Reanna,Watsica,411-727-4698,Reanna.Watsica@example.com
Estella,Corkery,837-739-2025,Estella.Corkery48@example.com
Janiya,Blick,851-114-8367,Janiya_Blick@example.com
Holden,Morissette,931-662-9082,Holden_Morissette@example.com
Carolina,Howe,827-767-2912,Carolina28@example.com
Pascale,Cummings,220-950-8494,Pascale68@example.com
Bradley,Kuhlman,960-910-5588,Bradley76@example.com
Sydnie,Hauck,658-253-7450,Sydnie64@example.com
Mary,Hyatt,578-817-0030,Mary88@example.com
Toni,O'Hara,515-316-2163,Toni33@example.com
Carmine,Crist,157-849-2919,Carmine58@example.com
Charlene,Schuster,223-205-3186,Charlene.Schuster60@example.com
Roy,Keeling,814-981-5871,Roy_Keeling27@example.com
Angelina,Morissette,736-674-5960,Angelina_Morissette58@example.com
Ross,Cummerata,474-695-2388,Ross8@example.com
Gus,Medhurst,361-439-9541,Gus35@example.com
Fredrick,Olson,546-472-0717,Fredrick.Olson55@example.com
Edyth,Mertz,262-801-2049,Edyth_Mertz81@example.com
Jarrod,Schowalter,020-840-6940,Jarrod.Schowalter1@example.com
Darrion,Veum,417-705-7401,Darrion_Veum@example.com
Pinkie,Kuhlman,484-404-6205,Pinkie95@example.com
Stella,Funk,241-774-3952,Stella.Funk@example.com
Felicia,Rogahn,961-376-5681,Felicia47@example.com
Karlie,Hermiston,147-526-5862,Karlie.Hermiston24@example.com
Anne,Raynor,485-459-8300,Anne.Raynor@example.com
Madalyn,Thompson,375-756-1701,Madalyn11@example.com
Henderson,Jacobson,980-801-9254,Henderson_Jacobson@example.com
Domingo,Bartoletti,116-310-2510,Domingo31@example.com
Kevin,Corwin,198-855-4581,Kevin40@example.com
Shane,Leuschke,266-876-0960,Shane_Leuschke@example.com
Ward,Hegmann,339-660-0960,Ward20@example.com
Daniela,Erdman,369-323-4023,Daniela_Erdman@example.com
Reagan,Hudson,573-704-5629,Reagan.Hudson@example.com
Ericka,Streich,306-531-5095,Ericka_Streich29@example.com
Elisabeth,Hudson,190-745-3619,Elisabeth31@example.com
Roberta,Schroeder,722-235-8717,Roberta_Schroeder@example.com
Rickie,Mosciski,258-262-7851,Rickie81@example.com
Scarlett,Mayert,656-508-8934,Scarlett_Mayert15@example.com
Kip,Little,208-155-5290,Kip_Little37@example.com
Natalia,Hahn,242-675-0441,Natalia_Hahn@example.com
Eliezer,Toy,924-688-8753,Eliezer_Toy63@example.com
Baron,Gleason,858-356-3006,Baron_Gleason@example.com
Jerome,King,180-094-5479,Jerome.King0@example.com
Lorenz,Collier,495-786-7947,Lorenz.Collier@example.com
Virginie,Champlin,548-624-0814,Virginie_Champlin@example.com
Jackie,Dickinson,812-247-1770,Jackie39@example.com
Allie,Murazik,109-882-7385,Allie77@example.com
Yvette,Borer,979-796-3932,Yvette.Borer@example.com
Keaton,Cruickshank,443-399-4021,Keaton.Cruickshank@example.com
Georgianna,Ritchie,477-940-1767,Georgianna_Ritchie@example.com
Abigayle,Gutmann,294-049-3704,Abigayle.Gutmann92@example.com
Ella,Satterfield,506-902-9939,Ella82@example.com
Ciara,Skiles,061-676-3759,Ciara22@example.com
Rasheed,Littel,536-260-7754,Rasheed86@example.com
Cecelia,Luettgen,912-343-3512,Cecelia51@example.com
Cloyd,Hermiston,014-563-3926,Cloyd_Hermiston@example.com
Madelyn,Schuppe,044-898-5810,Madelyn4@example.com
Liza,Weissnat,557-385-6025,Liza.Weissnat@example.com
Dee,Heller,375-108-8263,Dee_Heller89@example.com
Carlee,Cormier,232-519-6696,Carlee77@example.com
Jackeline,Konopelski,563-373-3225,Jackeline.Konopelski71@example.com
Garett,Cummings,511-024-7527,Garett_Cummings28@example.com
Gloria,Stark,414-050-7813,Gloria57@example.com
Melba,Lubowitz,571-938-2574,Melba_Lubowitz@example.com
Devan,Morar,028-379-1293,Devan.Morar@example.com
Della,Terry,370-080-4331,Della.Terry@example.com
Myron,Schmidt,958-584-9234,Myron.Schmidt19@example.com
Ashtyn,Stroman,370-010-0522,Ashtyn86@example.com
Angeline,Mueller,794-095-8520,Angeline_Mueller@example.com
Cathryn,Fahey,449-036-0404,Cathryn_Fahey@example.com
Rosemary,O'Reilly,340-992-8808,Rosemary_OReilly32@example.com
Elisabeth,Dare,948-036-6132,Elisabeth.Dare30@example.com
Nikolas,Okuneva,702-443-9637,Nikolas_Okuneva13@example.com
Tyrique,Wintheiser,131-444-9989,Tyrique_Wintheiser@example.com
Demond,Hane,765-127-0927,Demond.Hane@example.com
Tillman,Trantow,340-436-3954,Tillman14@example.com
Juanita,Kessler,176-310-0399,Juanita_Kessler47@example.com
Karl,Muller,441-863-1240,Karl.Muller@example.com
Jimmy,Wilderman,104-534-6828,Jimmy_Wilderman10@example.com
Valentina,Swaniawski,314-702-6629,Valentina_Swaniawski69@example.com
Gladyce,Howe,144-599-1778,Gladyce81@example.com
Adolphus,Mitchell,338-632-6308,Adolphus.Mitchell23@example.com
Sofia,Cummerata,417-369-4525,Sofia_Cummerata21@example.com
Shyanne,Emmerich,859-915-7794,Shyanne.Emmerich@example.com
Enrico,Hegmann,816-772-9449,Enrico_Hegmann@example.com
Tate,Cruickshank,401-647-1542,Tate55@example.com
Lemuel,Toy,200-177-8549,Lemuel.Toy57@example.com
Kale,Mayert,125-478-0929,Kale.Mayert78@example.com
Dolly,Klein,612-948-6267,Dolly92@example.com
Delbert,Heidenreich,036-798-3756,Delbert.Heidenreich41@example.com
Pete,Larson,792-807-8214,Pete.Larson68@example.com
Spencer,Kreiger,734-816-2030,Spencer25@example.com
Seamus,Padberg,044-709-3076,Seamus.Padberg93@example.com
Elliott,Mohr,100-466-1809,Elliott.Mohr@example.com
Edison,Heaney,516-073-3229,Edison11@example.com
Kim,Russel,120-282-3976,Kim_Russel21@example.com
Zena,Brown,426-154-6127,Zena_Brown73@example.com
Alexys,Mayer,393-268-7424,Alexys.Mayer@example.com
Kris,Lemke,230-522-0204,Kris_Lemke@example.com
Elna,Goldner,460-333-5971,Elna.Goldner22@example.com
Aaron,Zemlak,462-576-0326,Aaron.Zemlak43@example.com
Sibyl,Hammes,473-487-3910,Sibyl.Hammes88@example.com
Brycen,Abernathy,351-216-6389,Brycen.Abernathy@example.com
Matt,Blick,461-562-5009,Matt_Blick@example.com
Arnold,Romaguera,633-209-3176,Arnold_Romaguera54@example.com
Ella,Welch,330-988-6105,Ella.Welch@example.com
Delmer,Beier,830-527-9716,Delmer73@example.com
Harley,Pagac,219-515-4525,Harley_Pagac@example.com
Jamil,Greenfelder,420-975-6200,Jamil_Greenfelder@example.com
Jacinthe,Wilkinson,468-712-4217,Jacinthe_Wilkinson@example.com
Citlalli,Orn,182-583-4516,Citlalli.Orn@example.com
Trace,Schultz,460-042-8263,Trace8@example.com
Darryl,Waelchi,666-779-1231,Darryl_Waelchi@example.com
Esteban,Anderson,822-375-5994,Esteban36@example.com
Jesus,Goyette,030-314-2171,Jesus76@example.com
Joe,Maggio,634-310-8773,Joe.Maggio6@example.com
Lorenz,Ferry,385-107-9854,Lorenz31@example.com
Carley,Buckridge,290-653-5454,Carley74@example.com
Alize,Mueller,802-084-2705,Alize.Mueller@example.com
Alice,Bernier,360-737-2931,Alice_Bernier@example.com
Bessie,Price,117-734-0855,Bessie_Price54@example.com
Lauretta,Harris,115-489-9378,Lauretta_Harris@example.com
Edythe,Champlin,315-153-0584,Edythe.Champlin23@example.com
Maryam,Ullrich,670-326-4367,Maryam32@example.com
Milan,Yundt,968-816-1155,Milan.Yundt99@example.com
Elaina,Kemmer,246-579-7699,Elaina80@example.com
Regan,Wisoky,385-831-6772,Regan55@example.com
Terry,Yundt,952-828-7593,Terry_Yundt90@example.com
Hudson,Stamm,101-253-2947,Hudson_Stamm93@example.com
Major,Auer,563-708-7328,Major.Auer74@example.com
Eusebio,Abshire,724-218-8525,Eusebio92@example.com
Travis,Ledner,308-675-1537,Travis25@example.com
Lemuel,Feeney,609-304-3348,Lemuel.Feeney14@example.com
Krystal,Nicolas,052-276-9385,Krystal10@example.com
Rossie,Schmeler,370-579-7188,Rossie_Schmeler@example.com
Samara,Little,429-556-1749,Samara_Little18@example.com
Jamaal,Ryan,412-884-4977,Jamaal_Ryan1@example.com
Jaycee,Swift,272-915-8878,Jaycee.Swift@example.com
Kaitlyn,Reilly,870-777-4427,Kaitlyn85@example.com
Camila,Cole,909-559-6797,Camila9@example.com
Carolyn,Witting,454-160-7223,Carolyn9@example.com
Christelle,Gibson,806-103-9718,Christelle.Gibson81@example.com
Kirsten,Abbott,957-552-6944,Kirsten_Abbott4@example.com
Lester,Nader,503-917-6353,Lester_Nader@example.com
Gus,Ward,326-176-1862,Gus40@example.com
Carroll,Lang,675-672-7761,Carroll_Lang41@example.com
Jerod,Hickle,284-798-7850,Jerod73@example.com
Dion,Rempel,451-349-2411,Dion_Rempel@example.com
Sandra,Willms,898-355-2672,Sandra.Willms@example.com
Reed,Hartmann,282-307-0885,Reed89@example.com
Mathew,Jenkins,458-889-9354,Mathew.Jenkins3@example.com
Cora,Harvey,003-031-1754,Cora30@example.com
Darryl,Terry,589-769-8643,Darryl_Terry57@example.com
Percy,Bergnaum,524-210-6831,Percy.Bergnaum20@example.com
Lesly,Jacobson,821-487-1918,Lesly42@example.com
Domingo,Kreiger,000-567-4343,Domingo.Kreiger@example.com
Ransom,Schneider,080-232-7940,Ransom.Schneider@example.com
Jamil,Thompson,648-938-4044,Jamil63@example.com
Dwight,Armstrong,511-539-6236,Dwight44@example.com
Athena,Halvorson,342-853-5448,Athena_Halvorson49@example.com
Jaqueline,McLaughlin,532-973-4348,Jaqueline56@example.com
Lurline,Macejkovic,973-067-5187,Lurline96@example.com
Margarete,Wisozk,398-721-9560,Margarete_Wisozk53@example.com
Clyde,Baumbach,749-574-5459,Clyde.Baumbach@example.com
Shea,Lesch,663-776-1299,Shea45@example.com
Francisco,Kilback,087-292-2987,Francisco90@example.com
Jovanny,Von,192-993-9641,Jovanny3@example.com
Berta,Hagenes,583-549-3621,Berta_Hagenes@example.com
Jeff,Feest,363-260-9649,Jeff.Feest60@example.com
Abbey,Macejkovic,332-253-4282,Abbey.Macejkovic@example.com
Korey,Hermiston,452-565-2035,Korey32@example.com
Kameron,Konopelski,514-566-3031,Kameron.Konopelski96@example.com
Domenic,Larkin,162-022-1494,Domenic.Larkin68@example.com
Jaden,Runte,536-960-6391,Jaden48@example.com
Gustave,Walsh,638-432-3980,Gustave.Walsh@example.com
Samson,Connelly,939-933-8987,Samson_Connelly@example.com
Jewel,Heaney,523-948-3680,Jewel39@example.com
Sven,Von,886-471-7675,Sven.Von@example.com
Jocelyn,Schmidt,849-186-6155,Jocelyn24@example.com
Cedrick,Eichmann,103-289-3700,Cedrick.Eichmann@example.com
Karina,Collier,911-817-4240,Karina.Collier97@example.com
Koby,Mraz,301-967-9482,Koby_Mraz@example.com
Skyla,Cummerata,259-544-7405,Skyla6@example.com
Lorenza,Oberbrunner,894-974-5818,Lorenza_Oberbrunner29@example.com
Sienna,Schiller,992-514-2028,Sienna_Schiller62@example.com
Roel,Walter,375-415-7231,Roel_Walter76@example.com
Axel,Hauck,388-838-2907,Axel12@example.com
Rosanna,Bode,886-935-7145,Rosanna.Bode@example.com
Ona,Heathcote,429-956-6415,Ona_Heathcote@example.com
Loyce,Rippin,196-903-4675,Loyce_Rippin@example.com
Crystel,Koepp,674-631-6542,Crystel.Koepp@example.com
Aubree,Batz,950-458-6993,Aubree40@example.com
Florencio,Cremin,044-594-6353,Florencio_Cremin5@example.com
Yessenia,Bashirian,193-250-5203,Yessenia.Bashirian@example.com
Bill,Von,372-672-4846,Bill.Von35@example.com
Lawrence,Goldner,271-623-3005,Lawrence50@example.com
Audra,Stanton,051-371-1622,Audra80@example.com
Micaela,Little,635-086-8776,Micaela.Little20@example.com
Cristian,Rath,303-303-4165,Cristian.Rath@example.com
Kolby,Reichel,690-778-4844,Kolby87@example.com
Magdalena,Kiehn,153-756-5431,Magdalena.Kiehn50@example.com
Tracey,Davis,625-902-2187,Tracey.Davis@example.com
Calista,Tremblay,580-039-8607,Calista_Tremblay@example.com
Cody,Gorczany,795-031-8230,Cody.Gorczany28@example.com
Jeffry,Nitzsche,766-311-3235,Jeffry_Nitzsche62@example.com
Johan,Larson,349-342-3956,Johan81@example.com
Isai,Altenwerth,936-661-1064,Isai_Altenwerth@example.com
Neoma,Wolff,189-789-7192,Neoma.Wolff@example.com
Cleora,Ankunding,703-497-4763,Cleora95@example.com
Meta,Casper,085-769-2950,Meta_Casper66@example.com
Ransom,Ratke,232-619-1076,Ransom60@example.com
Yvonne,Ortiz,470-856-5511,Yvonne_Ortiz@example.com
Mikayla,O'Hara,700-545-2230,Mikayla.OHara@example.com
Giovani,Wiza,037-134-3362,Giovani_Wiza20@example.com
Liam,Hessel,636-575-3952,Liam54@example.com
Braxton,Stehr,659-195-9444,Braxton47@example.com
Sabina,Balistreri,973-315-0347,Sabina.Balistreri15@example.com
Waldo,Franecki,066-830-4208,Waldo48@example.com
Eugenia,Kozey,123-804-0592,Eugenia_Kozey@example.com
Aracely,Heller,471-638-6099,Aracely.Heller@example.com
Estefania,McGlynn,724-895-3527,Estefania_McGlynn47@example.com
Elliott,Bailey,057-844-8631,Elliott3@example.com
Schuyler,Heaney,882-119-5589,Schuyler51@example.com
Ariel,Roob,003-943-3957,Ariel54@example.com
Joesph,Lakin,238-832-2486,Joesph_Lakin51@example.com
Consuelo,Monahan,875-172-5259,Consuelo.Monahan79@example.com
Annamarie,Lowe,268-695-2280,Annamarie.Lowe80@example.com
Orville,Nolan,641-807-1247,Orville.Nolan@example.com
Vince,Hettinger,220-174-8726,Vince_Hettinger@example.com
Vanessa,Christiansen,302-576-3103,Vanessa53@example.com
Martina,Williamson,835-057-1257,Martina36@example.com
Isidro,Thompson,165-438-6043,Isidro_Thompson@example.com
Monroe,Dibbert,501-036-8206,Monroe_Dibbert1@example.com
Travon,Herzog,361-015-0266,Travon_Herzog@example.com
Beverly,Raynor,199-447-2384,Beverly_Raynor@example.com
Audreanne,Mueller,538-243-2854,Audreanne_Mueller87@example.com
Marlene,Bauch,916-322-2823,Marlene75@example.com
Manuel,Raynor,539-369-4864,Manuel.Raynor@example.com
Twila,Jenkins,805-512-0663,Twila_Jenkins21@example.com
Karen,Hammes,597-260-2250,Karen.Hammes49@example.com
Emelie,Bergnaum,189-340-0071,Emelie10@example.com
Archibald,Hane,198-033-6179,Archibald.Hane50@example.com
Elouise,Beier,528-206-4921,Elouise_Beier72@example.com
Pasquale,Emmerich,115-915-9113,Pasquale.Emmerich@example.com
Joshua,Keebler,460-521-9104,Joshua5@example.com
Dane,Pfannerstill,354-625-7688,Dane_Pfannerstill80@example.com
Danial,Langosh,499-684-4714,Danial54@example.com
Providenci,Baumbach,279-610-6276,Providenci_Baumbach@example.com
Gwendolyn,Howell,343-076-8570,Gwendolyn46@example.com
Reece,Waelchi,825-457-6142,Reece80@example.com
Fannie,Cummings,595-359-4077,Fannie_Cummings27@example.com
Nat,Reynolds,229-639-5573,Nat_Reynolds19@example.com
Estella,O'Hara,665-280-2094,Estella.OHara71@example.com
Meggie,Ankunding,846-631-3485,Meggie28@example.com
Urban,Hilll,483-390-3674,Urban.Hilll74@example.com
Bonnie,Schimmel,577-178-4377,Bonnie_Schimmel47@example.com
Adrain,Boyle,677-721-3042,Adrain74@example.com
Wilmer,Feil,701-004-2741,Wilmer.Feil7@example.com
Gabriel,Raynor,030-589-9664,Gabriel7@example.com
Mozelle,Hartmann,020-872-8004,Mozelle.Hartmann@example.com
Marcellus,Roberts,732-585-3292,Marcellus_Roberts65@example.com
Asa,Murray,299-503-6984,Asa11@example.com
Judge,Ondricka,746-083-8491,Judge_Ondricka@example.com
Fay,Bruen,009-376-7263,Fay_Bruen@example.com
Mable,Leuschke,168-680-7876,Mable7@example.com
Ayden,Dare,557-393-8552,Ayden_Dare26@example.com
Adrian,Mante,683-210-5321,Adrian_Mante@example.com
Aidan,Hodkiewicz,051-425-7495,Aidan12@example.com
Diana,Kuphal,120-291-6491,Diana53@example.com
Cyrus,Wiza,215-446-3013,Cyrus56@example.com
Jaylen,Dare,002-255-1918,Jaylen_Dare49@example.com
Carolanne,Hamill,455-255-9428,Carolanne_Hamill@example.com
Reta,Conn,084-466-3247,Reta_Conn@example.com
Michele,Jacobson,571-298-1459,Michele.Jacobson@example.com
Kelli,Weimann,420-181-8885,Kelli_Weimann1@example.com
Antwan,Murray,859-773-8638,Antwan.Murray@example.com
